<?xml version="1.0" encoding="UTF-8"?>
<beans xmlns="http://www.springframework.org/schema/beans"
    xmlns:xsi="http://www.w3.org/2001/XMLSchema-instance"
    xmlns:context="http://www.springframework.org/schema/context"
    xsi:schemaLocation="http://www.springframework.org/schema/beans
              http://www.springframework.org/schema/beans/spring-beans-3.0.xsd
              http://www.springframework.org/schema/context
              http://www.springframework.org/schema/context/spring-context-3.0.xsd">

	<!-- Configuration for the rewards application.  Beans here define the heart of the application logic. -->
	
	<!-- Enables detection of @PostConstruct and @PreDestroy annotations -->
	<context:annotation-config/>	

	<!-- Rewards accounts for dining: the application entry-point --> 
	<bean id="rewardNetwork" class="rewards.internal.RewardNetworkImpl">
		<constructor-arg ref="accountRepository"/>
		<constructor-arg ref="restaurantRepository"/>
		<constructor-arg ref="rewardRepository"/>
	</bean>

	<!-- Loads accounts from the data source -->
	<bean id="accountRepository" class="rewards.internal.account.JdbcAccountRepository">
		<property name="dataSource" ref="dataSource"/>
	</bean>

	<!-- Loads restaurants from the data source -->
	<bean id="restaurantRepository" class="rewards.internal.restaurant.JdbcRestaurantRepository">
		<property name="dataSource" ref="dataSource"/>
	</bean>

	<!-- Records reward confirmation records in the data source -->
	<bean id="rewardRepository" class="rewards.internal.reward.JdbcRewardRepository">
		<property name="dataSource" ref="dataSource"/>
	</bean>

</beans>
